length,title,views
12:47,I Don't Believe It,2300000
17:45,This Device Should Be Illegal,4000000
8:45,Everyone Knew This Day Was Coming,1800000
12:51,Very Unexpected Great News,2500000
11:20,This Movie Has Flown Under Everyone's Radar,1900000
12:16,They're Calling It the Most Satisfying Knockout Ever,3000000
15:14,Extreme Intoxication Unlocked Her Superpowers,2400000
9:00,Scalpers are Suffering,4300000
30:33,Mighty Mike Situation Seems Like a Scam Now,3200000
12:44,Well That's Horrifying,3600000
13:47,They're Apologizing for the Poop Spreading Situation,2100000
18:20,My Thoughts on Resident Evil Movie,3300000
21:59,My Thoughts on Wolverine,3700000
12:47,I'll Always Remember You,1700000
22:46,What a Wild Journey,1400000
23:17,Actually a Wild Situation,7000000
11:49,Spreading Poop Everywhere Situation is Crazy,5800000
25:15,There's No Way People Actually Like This Movie,5900000
12:10,People Are Very Mad at Sony for This,2200000
14:06,Embarrassing Behavior,2400000
19:15,Pokemon Chainsaw Criminal Got Caught,2500000
9:32,Wacky Tik Tok Drama,2100000
19:46,Can't Believe He's Talking About It,2300000
11:51,These Are Some Wild Bodycams,1900000
12:32,Crazy Times,2200000
20:37,Unhinged Lady Ran for Senate and Got Arrested for Wild Behavior,2500000
11:45,He's Aware,2800000
9:16,Fastest Scam Ever,2400000
12:28,No Way,2400000
22:21,Crazy Larper Scammed $1.3 Million from Victims,3400000
13:46,Replacing Yourself with AI is Stupid,7900000
17:15,Huge Copyright Strike Situation,4600000
9:31,Extremely Drunk Driver Goes Crazy in a Parking Lot,2200000
17:28,Horrible Coward Has Been Identified,3100000
11:21,Disgusting Freak Should Be Arrested,4300000
11:34,Terrible Hikers,2300000
22:13,Worst Movie of the Year Just Dropped,8000000
27:04,I Ranked All 11 Grand Theft Auto Games,1500000
8:13,No One Can Stop It Now,3300000
9:20,Scary Cat in the Hat Trend Causing Panic,4600000
8:51,He's Back Again,3700000
11:09,Pathetic Coward,2500000
17:01,What is the Bandage Hiding,2200000
7:13,Somehow He Returned,3100000
25:33,Youtube Needs to Take This Scam Seriously,2600000
32:44,I Learned Cheerleading,1500000
8:41,The Leaks May Be Over,2100000
13:40,Humiliation Ritual Continues,1900000
11:31,Call of Duty Posting IRL Legal Killcams,3000000
18:08,Good Good Situation is Crazy,2200000
11:21,Thoughts on the GTA 6 Gameplay Reveal,4600000
10:09,Catching Up on Huge Blunders,1500000
13:55,Rockstar Addressed the Leaks,2200000
19:56,Criticize Him and Get Sued Instantly,4000000
50:59,Few Things Make Me This Happy,1000000
8:51,Not Surprised At All,7200000
12:40,Big Brain Chase Strategy,1500000
31:27,Wildest Fake Cop Yet,2400000
13:35,Huge GTA 6 Build Leak Threat Was Fake,1700000
9:59,There's a Maniac on the Loose,1300000
21:26,I Know I'm Late Yapping About This Show,845000
11:47,Worst Mom Ever Seen on Twitch,4200000
14:06,I Really Expected to Hate This,1300000
11:17,LEGO Scandal Resolution is Being Reached,1500000
9:21,The Concord Curse Continues,1000000
10:46,Wild KPop Demon Hunters Lawsuit,1100000
10:01,Another Wild GTA 6 Leak Just Happened,1800000
12:59,It's Infecting Everything,3400000
18:19,Wow,3200000
19:09,I Can't Believe They Streamed This,5500000
8:55,New Twitch AI Garbage,586000
14:10,Crazy Incompetence,1300000
18:05,Cake Pop Drama is Wild,2200000
10:46,Another Supergirl Disaster,1700000
27:14,Groundbreaking New Alien Information,2000000
8:56,He Sucks,1500000
13:21,Worst Album of the Decade,1500000
10:05,What Happened to Liquid Death,1400000
28:31,Honey Situation is Getting Wild,2800000
13:37,This Trash Must Be Clowned On,2400000
19:41,Insomnia Cure Tier List,1400000
10:16,Huge Youtube Monetization Change,1200000
12:28,Diarrhea Supplier Has to Recall More Products,795000
11:42,Full EDP445 Documentary Just Dropped,3800000
10:51,How to Ruin Excitement for Your Movie,1300000
18:14,Youtube Shadowbanning Situation is Crazy,1600000
8:28,Yesterday I Was Attacked,2300000
17:07,It's Just Annoying,1600000
8:27,It's a Little Sad,1700000
24:26,Final Boss of Cop Larpers,1300000
11:48,Roblox is Getting Gadooshed,2000000
11:26,Perez Hilton Situation is Awful,1800000
12:01,Nude Dining Steakhouse is Weird,1000000
27:37,Tony Romo Bodycam is Goofy,1200000
16:47,I Really Hate Temu,3100000
15:33,Weirdo Hates These Dumpsters,1700000
52:30,I Tried Every Cook Out Menu Item,775000
14:34,This Shouldn't Have Happened,2700000
23:40,Fake Tortoise Rescue Situation,1600000
9:53,This is Only for Losers,1700000
22:35,I Can't Believe What I Just Saw,2600000
15:27,Is Spider-Man Brand New Day Any Good,2700000
11:10,Freaks Are Still Doing This Trash,1300000
10:47,Skyrim Name Lands Innocent Man in Jail for 18 Months,1100000
11:10,Completely Unhinged,1200000
12:00,Traveling Bard Gets in Trouble,994000
15:53,I Finally Watched the New Avatar Movie,914000
21:32,Serial Cop Larper Strikes Again,1600000
29:26,Putting Delusion to the Test,1900000
9:42,EDP Documentary is Crazy,3900000
7:27,Why Would You Ever Post This,1700000
11:42,Painful Interview Blunder,1900000
1:06:16,I'm Playing Every Grand Theft Auto Game,689000
21:14,LEGO Scandal Clown Keeps Embarrassing Himself,2500000
13:04,Incredible Talent,908000
12:23,Old People Hate Her,2500000
9:53,Do It,1200000
9:58,I Hate This Trash,1400000
32:37,Craziest Larping I've Ever Seen,2900000
15:37,Explosive Diarrhea Update,1200000
11:44,Shameful,1700000
8:09,I'm Addicted to Fake Cops,1500000
12:14,Airport Stalkers,1300000
18:57,Boy Mom Situation,4000000
12:59,Hardest I've Laughed at a Fake Cop,1800000
8:17,It's Actually Here,3600000
18:52,Weirdo Gets Trapped in Porta Potty,2200000
18:52,Is The Odyssey Any Good,2000000
18:07,Turns Out He Wasn't a Real Cop,1900000
9:03,It Should've Been Me Not Her,1200000
22:44,Fake CIA Agent Situation,2000000
21:22,No Choice,2200000
11:50,Explosive Diarrhea Situation,1200000
9:18,ESPN Should Be Ashamed,1000000
35:51,Can't Believe I'm Talking About This Again,2100000
14:36,Scooter Thief Situation is Deeper Than I Thought,1300000
9:25,The Insults Worked,2300000
13:27,Is Evil Dead Burn Any Good,585000
12:45,Technoblade Larping Situation,2400000
12:11,Weirdo Won't Leave,1900000
10:32,Huge Instagram L,732000
44:11,LEGO Scandal is Reaching the Endgame,3700000
11:40,Goodbye Gadoosh God,1800000
12:01,Twitch Should Ban Streaming and Driving,2800000
12:59,This is a Load of Barnacles,1000000
16:22,Xbox Reset Situation,1400000
14:15,It's Time I Finally Talk About This,885000
34:05,Jidion Situation,6900000
20:56,This Influencer Makes Me Very Angry,2000000
13:47,Will Youtube Stand on Business,934000
12:23,She's Out of Touch,2300000
10:23,60 Year Old Man Tries to Escape the Old Fashioned Way,1200000
17:04,Dork,1800000
13:08,It's Not Going to Stop,1500000
18:45,Most Passionate Man Ever,2400000
17:50,This Guy is Still Great,1700000
13:37,Everyone Should Hate This,1300000
6:29,He's the Most Hated Man in Prison,2000000
12:47,You're Going to Jail,2000000
11:17,How Does a Company Even Make This Mistake,1400000
14:58,I Didn't Mean for This to Happen,1800000
11:38,Poopgate is Crazy,1400000
12:10,Shameless Clowns,1200000
11:08,Speaking for 5 Extra Seconds Leads to Arrest,1500000
19:25,This is a Complete Disaster,2400000
10:26,Is Supergirl Actually Bad,1400000
15:56,Is Tom Brady's Good Nut Any Good,603000
9:21,Brutal but Not Unexpected,1100000
24:37,This Seems Highly Illegal,1500000
9:14,GTA 6 Price Confirmed I Was Right,2000000
9:49,This Show Lived Up to the Hype,1300000
9:43,Steam Machine Situation,1500000
20:46,Unbelievable Entitlement,4400000
10:41,What a Surprise,2000000
9:53,Didn't Think It Could Get More Pathetic,1300000
12:24,Only Continues to Get Worse,1200000
13:58,Dangerous Coward Needs to be Fired,1900000
9:22,Disgusting Arby's Manager,1300000
16:25,Angriest Ice Cream Shop Owner Ever,3900000
19:30,I've Been Having So Much Fun with This,1200000
22:59,I'm Addicted to Something Worse Than Drugs,1700000
1:08:08,I Finally Caught Up with the LEGO Scandal,3800000
14:46,Already Back to Their Old Trash,1900000
16:59,He's Doing Awful Stand Up Now,5200000
8:52,You Should Really See This Movie,1100000
19:41,I Still Haven't Received My Trump Phone,2000000
14:46,Wacky Argument Over a Beef Sandwich,3200000
13:05,Chaos After Winning Championship,1200000
10:14,Not Again,1300000
9:45,Is Disclosure Day Any Good,1100000
30:55,Useless,2500000
7:27,Is This Actually the Worst Basketball Play Ever,1500000
36:16,H3 vs iDubbbz Lawsuit,2400000
12:12,Bad News in the LEGO Scandal,2900000
30:40,Bread Tier List,843000
19:55,Watchmojo Just Got Even More Pathetic,3800000
18:14,The Voice of a Generation Situation,1400000
16:54,Drunkest Judge Ever,2300000
9:40,Degenerate Cringe,1100000
16:48,LEGO Vigilantes,2500000
11:46,Freaking Out About Cheese,2300000
9:30,Is the New Scary Movie Any Good,1200000
26:03,LEGO Scandal Keeps Getting Messier,3600000
10:30,They're Complete Trash,2000000
8:03,Unexpected Twist in the LEGO Scandal,3700000
19:29,No One Ever Really Thinks About This,1900000
10:39,Wow He's So Tough,1900000
46:47,"I'll Still Give You $25,000 If You Can Find These Videos",1800000
37:03,Police Department Responds to LEGO Scandal,4600000
50:35,LEGO Scandal is Getting Extremely Dangerous and Scary,5800000
15:23,The Backrooms Hate Situation,2900000
8:43,Cringe Officer Embarrasses Himself,1700000
15:20,Is The Backrooms Movie Any Good,3300000
13:54,LEGO Scandal Keeps Getting Crazier,2400000
9:20,Wow That's a Huge Price Increase,1400000
9:15,Losers Still Stealing Pokemon Daily,1200000
21:33,LEGO Scandal Company Response is Horrible,2600000
35:36,LEGO Scandal Situation is Actually Crazy,6000000
8:42,Infuriating and Disgusting,821000
17:01,They're Still Fighting Daily,1800000
16:20,Cringe Guy Instigates Police Chase,2600000
8:58,Is This Finally Concrete Proof of Aliens,1000000
11:21,I Know You Don't Care About This,1400000
15:38,The Amazing Digital Circus Situation is Crazy,3000000
12:32,This Trash Never Ends,885000
15:12,Is New Star Wars Movie Any Good,1300000
9:38,Knew It Was Coming but Still Sad to See it End,1000000
13:51,What a Terrible Change,1300000
23:13,The Boys Finale was Bad,2800000
13:32,Huge Trump Phone Disaster,3200000
13:08,When Will It Stop,1000000
19:03,Cringe Influencer Thinks He Shouldn't Pay Full Price for Meal,3100000
13:43,Boo This Man,2000000
11:41,Blatant Corruption,1900000
12:25,Time to Insult These Losers Again,1400000
14:12,Jack Doherty Bodycam Just Released,4000000
27:40,Do These Tacos Actually Live Up to the Hype,696000
9:26,Best Movie of the Year So Far,3600000
14:16,I Can't Stand This Freak,2200000
8:38,My Trump Phone is Actually Coming This Time,2300000
18:09,It's Getting Scary Now,4300000
18:56,You Probably Won't See Anyone Do This Ever Again,895000
21:26,I Killed a Man on His Birthday,3100000
9:47,Watchmojo Cringe Response,2800000
10:38,It's Just Garbage,2900000
8:53,This Freak is Building Something Ridiculous,1700000
9:12,New UFO Files Dropped and They're Disappointing,1100000
17:56,James Charles Crash Out,4600000
23:15,I Ranked Every Panda Express Menu Item,1200000
27:01,My Trump Phone Didn't Come,3200000
11:12,Pleasantly Surprised by This Movie,805000
9:49,Looksmaxxer Arrested for Disgusting Crimes,2600000
17:40,This Awful Scam Needs to be Taken Seriously,3000000
18:20,This Loser Responded and It's Bad,4400000
8:47,Unhinged Drunk Lady,1700000
8:18,Weirdest Armed Robbery Ever,1300000
12:39,They're Just Completely Wrong,2200000
20:07,Most Chaotic Chase Ever,2600000
14:43,Been Frequently Yapping About This,688000
19:33,Another Prankster Facing Years in Jail,3600000
10:06,He's Painfully Out of Touch,1400000
10:10,Finally a Horror Movie that Lives Up to the Hype,1300000
9:15,I Really Thought This was Fake,1500000
10:58,The Degeneracy Never Stops,1100000
11:25,D4vd is Evil,3700000
14:41,Homemade Flintlocks,965000
18:26,I Really Don't Like This Company,2000000
17:33,My Trump Phone is Coming,2900000
10:00,This Disaster Just Keeps Getting Worse,808000
9:51,She Was Killed for Her Pokemon Cards,1600000
8:08,Terrible Man for the Job,1300000
15:32,Most Pathetic Fight Ever,3300000
5:38,Genuinely Great News,1600000
12:12,Ruining Your Life for Tik Tok Views,4000000
9:38,Why Does it Keep Happening,1000000
11:15,Maybe I Was Wrong,2100000
10:29,These Losers Are Still Scalping,1400000
10:47,This Scandal Just Got Worse,2300000
8:47,New Information on D4vd is Disgusting,4000000
11:56,They're Doubling Down on the Cringe,1900000
10:39,People Actually Believe These are Real,1100000
16:15,Is Invincible Season 4 Good,1400000
11:13,A New Degenerate Scam,1700000
21:55,Government Tried Hiding This From Us,1900000
11:44,D4vd Has Finally Been Charged,2800000
9:45,Their Awful Scam Landed Them in Jail,1300000
5:14,This is a Hero,1700000
18:02,Might Be the Worst Review I've Ever Seen,4400000
10:31,D4vd Has Finally Been Arrested,3000000
9:04,This is Just Unhinged,959000
11:01,New Mummy Movie was Disappointing,651000
10:11,Raccoon Situation is Crazy,1600000
16:34,This Garbage is Out of Control,1600000
14:48,Is the One Piece Meal Overhyped,1200000
10:06,He Finally Got Sentenced,2700000
17:49,People Are Going Nuts Over This Trash,2000000
11:31,This Failed Game Situation Just Got Crazier,918000
14:05,He Actually Posted This,3700000
8:09,Shooting Over Pokemon Cards,1700000
12:30,Trash Prankster,1800000
11:37,Don't Sleep on This Movie,1000000
12:17,It Was Actually Real,4600000
9:28,Freaks Like This Are Scary,2000000
8:17,Reddit Mod Freaks Out at Neighbor,4300000
13:00,She's Talking About the Epstein Files,3200000
16:22,Huge Scandal,3100000
8:56,Man Films Himself Burning Down Huge Warehouse,2100000
9:30,We've Been Lied to Our Whole Lives,2500000
9:05,The Judges Are Wrong for This,1100000
8:58,A New Low,1300000
12:35,Checking on My Trump Phone,3300000
29:54,Dirty Soda Tier List,1000000
26:14,Most Valuable Pokemon Collection Situation is Weird,1400000
14:16,The Angriest Judge Keeps Getting Worse,2400000
14:49,She's Disgusting,2800000
13:09,Mario Galaxy Movie Drama is Crazy,1700000
9:59,More Madness from These Pathetic Scalpers,1300000
8:14,Bye,2300000
13:35,This is How You Handle Entitled Losers,3900000
9:43,Is Mario Galaxy Movie as Bad as People are Saying,1300000
14:15,This is Unacceptable,1600000
10:57,Some Wild Stuff is Happening,2200000
17:11,So Many Crazy Chases Recently,1400000
11:40,I Don't Like Dana White,3000000
11:45,Barbie Dream Fest Situation,1500000
20:38,Angriest Judge Ever,3600000
17:53,This Weirdo Got Cooked,8600000
14:51,Some Great Shows Just Wrapped Up,828000
11:21,Tiger Woods Situation,1600000
10:09,Goofy Loser,1800000
10:25,Zoom Court is Always Interesting,2000000
14:23,Sink Peeing is Out of Control,2200000
14:18,Wild Florida Police Chase,1600000
10:14,Sora Shutdown Situation is Crazy,1700000
15:12,What This Streamer Did is Disgusting,5200000
12:18,Alan Ritchson Situation is Crazy,4700000
6:16,What a Crazy Story,1000000
12:07,It's Pathetic and Out of Control,3100000
11:07,Brutal Fights Over Pokemon Cards,1500000
9:02,FEMA Official Claims He Can Teleport,1600000
16:13,Justin Timberlake Bodycam Came Out,3500000
15:10,Gadoosh God is Going to Jail for a Long Time,2800000
15:00,Nvidia DLSS 5 Drama Keeps Getting Crazier,1300000
8:31,Does Project Hail Mary Live Up to the Hype,1700000
14:17,$70 Billion Wasted on This Trash,2000000
17:21,Afroman Trial was Crazy,7000000
20:15,Most Pathetic Twins Ever,4300000
10:53,Goober CEO Loses Big Time,2700000
11:37,Horrible Mother,4300000
12:08,Nobody is Safe,1500000
13:44,Throw Him in Jail,1900000
10:32,Trash,1300000
23:21,The Untold Story of the Greatest Championship Ever penguinz0 and Shopify Rebellion,420000
15:58,Weirdo Keeps Getting Away with Serious Crimes,2200000
11:21,Naked Burglar Situation is Crazy,1200000
12:03,These Losers are Pathetic,1200000
3:44,The Gentle Men - Time Travel,550000
11:25,Is This Movie as Scary as Everyone is Saying,1000000
12:00,Please Arrest Them,1600000
11:53,Release the Smells,775000
9:24,Multiple Lawsuits Incoming,1900000
9:21,Does it Live Up to the Hype,902000
8:12,Wild Spectrum Crash Out,1500000
5:15,I Blew It,1300000
10:10,Where is the Trump Phone,2000000
19:44,I've Disliked This Company for Awhile and Feel Vindicated Now,3200000
18:50,Fine I'll Finally Review It,1300000
6:45,Uncle Went Crazy,1500000
9:06,They Keep Laughing About the Epstein Files,1900000
12:17,I Love Whatnot Crash Outs,2300000
9:18,Something to Make You Happy,854000
8:56,It's Officially Shutting Down,1000000
11:17,Burgermogging is Out of Control,2200000
13:39,Settling the Big Arch Burger vs New Whopper Drama,2100000
15:57,Viewbot Situation,1400000
8:40,Discord Moderator Gets Arrested,2600000
8:47,Fake Jim Carrey Conspiracy,2300000
8:47,McDonald's CEO Hates Their Food,3000000
15:25,Don't End Up Like This Guy,4000000
18:22,Is Resident Evil Requiem Good,2000000
9:51,Always Sad News with Bloodborne,744000
12:48,Cringe Alpha Male,2700000
10:17,We're Absolutely Cooked,1300000
12:49,Is Scream 7 Actually Horrible,1100000
13:25,Massive Valve Gambling Lawsuit,1100000
10:53,"$150,000 for this Trash",1200000
9:51,This Really Surprised Me,1000000
9:36,AI Mass Surveilance and Weaponry Situation,1500000
8:28,Vince McMahon Bodycam Crash is Crazy,2900000
8:40,Weird Uber Passenger Refusing to Leave,1700000
8:13,Cringe Behavior,1300000
12:51,Does This Actually Deserve a 0%,1800000
11:09,RIP Xbox,1500000
6:09,Will They Actually Declassify New Alien Information,831000
13:16,2 Beers 2 Cigs 2 Rubiks Cubes Speedrun is Inspirational,1600000
16:21,An Actual Arrest in Relation to the Epstein Files,2800000
17:32,This Hazing Situation is Crazy,6300000
14:48,Nobody Asked for This,1000000
29:37,Oreo Tier List,1200000
9:26,Well That Sounds Terrible,1200000
9:35,Easily the Most Common Question I Get Asked,1300000
9:46,This is Not Justice,3000000
12:58,Just A Complete Lie About the Epstein Files,2900000
6:47,Stupidest Fine Ever,872000
9:03,I Clowned on This for Awhile but Now I Like It,1100000
15:52,28 Hours Well Spent,1000000
8:23,It Just Keeps Happening,2000000
10:12,It's Just Ridiculous Now,1800000
17:07,"You Get Hurt in the Game, You Get Hurt in Real Life",978000
11:00,Rough Day for Highguard,1100000
9:42,Craziest Heist Attempt,1400000
17:26,Worst Trilogy Ever Made,2200000
12:35,Did Discord Just Destroy Itself,2500000
8:47,What a Pleasant Surprise,1900000
9:52,Dhar Mann Situation is Crazy,3000000
13:09,Complete Nonsense,3300000
8:20,This Won't Make You Happy,831000
11:47,China Has Cloned Me,3000000
14:49,They're Trying So Hard to Bury the Epstein Files,3800000
17:15,Real Life Superheroes,1800000
19:05,Entitled Professor Embarrasses Herself,7600000
10:51,Only Weak Men Use the Bathroom,2300000
8:34,AI Old People Channels Are Huge Now,931000
8:04,Another Roblox Kidnapping,2000000
6:48,Hollywood is Scared,3100000
14:30,AI Schools and Social Media Are Here,1100000
14:11,Officer Walks Around with His Package Out and Gets Arrested,5000000
6:52,She Beat Her Puppy on Stream,1400000
14:39,Didn't Expect This to Be So Hard,653000
9:02,Millions of New Epstein Files Just Released,4200000
10:26,This Garbage is Worse Than I Imagined,1400000
14:59,Is Iron Lung Good,4300000
6:05,These Kick Streamers Finally Got Taken Into Custody,901000
7:42,Embarrassing Promo,1700000
1:26:55,I Spent a Month Training in Halfsword and I'm Still Trash,699000
10:11,Pokemon Vending Machines Bring Out the Evil in People,1300000
10:30,Highguard Situation,2100000
15:14,It's Not As Bad As War of the Worlds,1300000
9:01,Classic Out of Touch Twitch Change,1100000
18:09,This Should Make You Very Angry,4300000
11:20,I've Been Recommending This to Everyone,1200000
12:08,People Really Hate This Movie,1700000
13:33,This Twitch Streamer Situation is Disgusting,3800000
13:44,This Marvel Rivals Drama is Nuts,4900000
12:39,Pastor Demanding $10K from Everyone,2300000
9:14,Robots Are Addicted to Getting Hit By Trains,1200000
9:20,This is Inexcusable,2500000
12:03,It's A Shame This Movie is Flopping,1400000
15:50,AI Women Situation is Crazy,3000000
10:02,They're Still Refusing to Release Epstein Files,1800000
11:03,Empty Voicemail Leads to Hate Crime Charge,1900000
36:23,Reddit Mod Got Removed and Made a Wild Video,9000000
13:36,Armed Robbery Over Pokemon Cards,2500000
12:37,You Will Own Nothing and Be Happy,2400000
38:16,Fancy Water Tier List,1100000
14:54,I Guess It Was A Scam All Along,2800000
19:28,This Twitch Streamer Show Feels Like A Huge Scam,1000000
12:22,Trump Phone Situation is Crazy,3000000
8:48,Dan is Back,1300000
11:38,Is the Chimpanzee Horror Movie Good,1000000
13:38,This Takes Courage,2300000
14:02,Big OnlyFans Feud,5000000
15:23,Not Many People Are Stupid Enough to Open These,1600000
8:24,Don't Know Why They're Using Me for This Advertisement,2500000
7:04,Conformity Gate Was Wrong,1600000
17:14,Useless AI Trash,1700000
13:40,Conformity Gate is Ridiculous,2600000
1:32:00,How Many Dudes is Addicting,764000
25:26,Craziest Fitness Scam I've Seen,4600000
9:08,Is It As Good As Everyone Is Saying,1500000
8:56,HOA President Shows His Power,3900000
11:20,He's Crying Over People Being Mean About AI,1800000
12:26,This Jewelry Store Fight Was Nuts,2900000
9:20,Tragic Switzerland Fire,1000000
16:10,Stranger Things Writers Are Making Everyone Mad,3100000
24:03,Is Stranger Things Finale Good,2600000
